x,probability,cumulative
0,0.150094635296999,0.150094635296999
1,0.300189270593998,0.450283905890997
2,0.283512088894332,0.733795994785329
3,0.168007163789234,0.901803158574563
4,0.0700029849121806,0.971806143486743
5,0.0217787064171229,0.993584849903866
6,0.00524302191523329,0.998827871819099
7,0.000998670840996817,0.999826542660096
8,0.000152574711818958,0.999979117371915
