scenario,length_mm,rate_per_mm,lambda,target_x,probability,mean_val,var_val,std_dev
1mm,1,2.3,2.3,2,0.265184641646816,2.3,2.3,1.51657508881031
5mm,5,2.3,11.5,10,0.112935070881244,11.5,11.5,3.39116499156263
10mm,10,2.3,23,25,0.0730763989051449,23,23,4.79583152331272
