individual_prob,n_shafts,all_conform,at_least_one_fails,exactly_k_conform,expected_conforming,var_conforming
0.919,10,0.429689868625634,0.570310131374366,1.21576654590569e-11|1.37936969837942e-09|7.04244862672603e-08|2.13070297546048e-06|4.23049760528928e-05|0.000575974414705313|0.00544568402380846|0.0353057045353085|0.150212696610873|0.378725564294629|0.429689868625634,9.19,0.74439
