distribution,sample_mean,sample_sd,sample_min,sample_max,sample_range,cv
Normal,50.9040590863621,9.12815879680979,26.9083112435919,71.8733299301658,44.9650186865739,0.17932084318312
Exponential,10.4327613417248,9.35341261706434,0.0436737062954787,43.6591093589492,43.6154356526537,0.89654237365292
Weibull,88.0031696112546,42.605619348693,5.82109596931047,189.0982837566,183.277187787289,0.484137327517852
Lognormal,60.7083550107138,31.7768411998218,10.4297326586001,186.752461595581,176.322728936981,0.52343439703174
