TS,sample_mean,sample_var,sample_sd
1048,1055,192.571428571429,13.8770107938067
1059,1055,192.571428571429,13.8770107938067
1047,1055,192.571428571429,13.8770107938067
1066,1055,192.571428571429,13.8770107938067
1040,1055,192.571428571429,13.8770107938067
1070,1055,192.571428571429,13.8770107938067
1037,1055,192.571428571429,13.8770107938067
1073,1055,192.571428571429,13.8770107938067
