distribution,ks_statistic,ks_p_value,good_fit
Normal,0.0587191265950278,0.880774809946527,TRUE
Exponential,0.0751179377302008,0.625181942433736,TRUE
Weibull,0.0916793738782916,0.369969687008343,TRUE
Lognormal,0.0969099735652179,0.304624272863412,TRUE
