x,probability,cumulative
0,0.100258843722804,0.100258843722804
1,0.230595340562449,0.330854184285252
2,0.265184641646816,0.596038825932068
3,0.203308225262559,0.799347051194627
4,0.116902229525971,0.916249280720598
5,0.0537750255819468,0.970024306302545
6,0.0206137598064129,0.990638066108958
7,0.00677309250782139,0.99741115861678
8,0.00194726409599865,0.999358422712778
9,0.000497634157866321,0.999856056870644
10,0.000114455856309254,0.999970512726954
