temperature,rate
100,69.572290132289
110,66.0106963473291
120,77.3249608457344
130,82.3404196808492
140,84.9479455548121
150,88.6715480235825
160,92.0890611599479
170,97.4155921631286
180,98.6631209979824
190,107.596088169791
200,107.793111079937
210,109.574659025886
220,115.610842377158
230,118.237301308554
240,126.05572217104
250,124.551724325497
260,131.79661337385
270,132.428109833524
280,138.684124930197
290,139.634988429797
300,143.893849640161
